route_id,start_location,end_location,distance
1,Henrymouth,Jasonfort,632
2,Roberttown,,960
3,Parkerville,Port Lori,549
4,Lake Emilyfurt,,399
,,New Shelley,879
6,South Aaronfurt,East Raven,407
7,Thompsonberg,,750
8,Guerramouth,West Patrickland,531
9,New Josephton,South Gary,733
10,,East Kevinport,928
11,Port Crystal,East Sarahbury,768
12,Port Derekberg,Port Timothyborough,783
13,East Arianaview,,204
14,Lake Jorge,West Markberg,191
15,West Samanthaburgh,Johnsonstad,597
16,North Davidberg,Port Deborahborough,126
17,Daughertyfort,East Jessica,908
18,Freemanport,New Kevinburgh,
19,Valerieshire,Lake Timothy,714
20,Port Josephfort,Lake Melissamouth,800
21,Robersonfort,,845
,South Joyce,West Erika,391
23,Danielton,West Brandonberg,401
,Smithside,Sarahfort,532
25,Keithport,Shawnside,305
26,East Jennifer,Reynoldsfort,607
,Johnstad,Michaelberg,483
28,Burtonfort,Port Ericfurt,869
29,Scottberg,,125
30,South Robertside,North Joan,345
31,North Emilychester,West Crystal,
32,Andersenmouth,West Danaton,469
33,Kaitlinfort,Melissahaven,511
34,East Charlesberg,Manuelmouth,119
35,South Sierraton,,568
36,West Mark,Cherylport,
37,New Christina,West Rickeychester,
38,Kimberlyville,West Angela,449
39,,East Austintown,723
40,West William,Johnnyfurt,490
41,Nathanfurt,West Luis,834
42,Saundersland,,944
43,South Gary,South Amandashire,200
44,Joseside,Carsonhaven,70
45,,North Ryanmouth,451
46,Kaneborough,Connorland,634
47,South Laura,Port John,162
48,South Seantown,Wellsfort,
49,Seantown,South Ruben,205
50,Albertview,New Rebeccahaven,144
,New Jessica,Dustinmouth,97
,Lake Patrickfort,Franklinland,949
53,,Scotthaven,432
54,West Sabrina,,500
,West Carlos,Katieshire,448
56,North Christina,North Albert,335
57,Johnshire,Christopherborough,669
,Lindaburgh,Carlosbury,221
59,Port Anthony,Williamsmouth,803
60,,Franklinborough,333
61,Stokesview,Brittneytown,425
62,Jensenport,South Jacqueline,93
63,West George,Elizabethhaven,897
64,Port Gregborough,East Reneetown,248
65,West Joseshire,Catherineshire,957
66,Jessicaview,,
67,Pittsside,Gutierrezport,387
68,Lake John,Martinburgh,837
69,Olsonmouth,,361
70,Dukefort,Hickmanland,424
71,North Matthew,South Amandastad,865
72,,South Nancytown,487
,South Anthonybury,Jonesview,269
74,East Kimberly,South Sarah,734
75,Richardsburgh,South Yesenia,337
76,New April,Emilyside,408
77,Baileyberg,Loganbury,278
78,Lake Tyler,Dicksonville,941
79,Belindahaven,Hillborough,74
80,Daniellehaven,North Steven,463
81,Brendaburgh,Obrienstad,575
,,Brandichester,622
,Port Davidland,Gregorystad,258
84,West Matthewberg,Johnsonfurt,520
,West Emilymouth,Port Maria,527
86,North Maryfurt,Willietown,164
87,West Danielberg,Briggsshire,643
88,Lopezstad,Martinezfort,57
89,Greggstad,,748
90,Froststad,Johnsonfort,684
91,Lesliebury,Perezburgh,236
,,Tiffanyview,604
93,South Robin,Jennaland,243
94,East Dominiqueburgh,Port Sarah,323
95,Dennischester,Kennethport,781
96,South Carolynfurt,,469
97,Campbellhaven,North Mark,794
98,Port Melanieville,Lorraineton,118
99,New Davidstad,Deniseport,961
100,Lake Erica,East Cynthia,
101,Kevinside,Williamside,798
102,East Andrew,,975
,Lake Aaron,New Joan,907
104,North Christophershire,Darlenetown,
105,South Sara,Woodport,739
106,,Lake Nancy,378
107,,Cochranborough,211
108,Evansland,North Cherylborough,974
109,Hendersonberg,South Lindsayhaven,
,West Elizabeth,Ortizberg,387
,New Davidhaven,West William,995
112,Rogersshire,North Jenniferchester,646
,,Gutierrezmouth,80
114,West Melissa,Amandashire,67
115,Joelland,East Mistyhaven,809
116,Zacharyburgh,,204
117,Port Thomasborough,Port Roy,714
118,Lake Haleyside,Smithfurt,156
119,,Port Meganfurt,533
120,North Benjamin,Seanton,203
121,West Claire,West Eric,403
122,Greenfurt,Hillfurt,
123,Gonzalesmouth,South Latasha,709
,Martinezstad,Shepherdland,947
125,Josephberg,Ericachester,
126,Rodriguezshire,Vazquezhaven,
127,East Melanie,Garretthaven,
128,Smithhaven,West Gregory,749
,South Brandon,South Mark,253
130,North Ryan,Lake Jessicamouth,737
131,North Amberville,South Lauraville,952
132,Acostashire,Heatherborough,108
133,East Juan,East Jenniferside,710
134,Lake Andreaview,,666
,North Wanda,,876
136,North Randyview,Balltown,
137,Hoganfort,Dixonborough,
138,West Todd,Lake Cindy,432
139,South Brendanview,Calderonfort,714
140,New Charlesport,Annetteton,61
141,Laurachester,Thomasview,
142,Atkinsonview,New Michaelbury,
143,North Andrewside,Walkerport,726
144,West Mike,Stewartshire,414
145,Port Leroy,New Samantha,946
146,Jacobview,North Joelfurt,869
147,,North Devin,635
148,Jenniferburgh,,969
149,New Jenna,Port Markberg,837
150,Burnsmouth,East William,
151,North John,Robinbury,121
152,North Darrellmouth,Cortezland,547
,Marymouth,East Melanie,628
154,Lake Douglasmouth,Connerland,
,Port Michael,Vasquezside,258
,North Angela,Richardsonmouth,589
157,Fordbury,,69
158,Teresaberg,West Dustin,190
159,Nguyenchester,North Stephen,110
160,Morriston,East Jason,66
,Port Andrew,Robertsstad,159
162,North Kimberlyville,Gilbertburgh,702
163,Jacksonmouth,East Catherineview,797
164,Ronaldfort,East Elizabethton,53
165,North Kelsey,Garychester,931
166,Lake Zoe,Port Ebonystad,581
167,Riverafurt,Hernandezmouth,802
168,Amandashire,Edwardtown,527
169,Beasleymouth,New Sherryland,
170,New Paulville,Stephenfort,401
,South Jessicaberg,Kevinfort,
172,Justinside,West Rachelview,81
,Nelsonberg,West Ambermouth,711
174,Kimberlychester,Port Cory,387
175,Lake Travisshire,West Daniellemouth,334
176,West Matthew,Lake Sean,762
177,Terryview,Dawnland,305
178,Jessicachester,North Markmouth,328
179,Warrenfurt,Cantuhaven,559
180,North Danielleberg,,260
181,Jamesstad,Feliciamouth,643
182,Patrickfort,Morrisonton,820
183,,East Theresa,852
184,Rhondabury,Parrishshire,
185,South Keith,South Virginia,531
186,Shaneside,,
187,Port Robinton,Cainton,563
188,North Mikeberg,,204
189,Lake Jennifermouth,Port Josemouth,354
190,East Jeremy,Port Jessica,936
191,Hickmanville,Valdezborough,136
192,,Juliehaven,604
193,West Claudia,Arnoldmouth,158
194,,New Juliachester,790
195,Port Brandon,Heatherborough,419
196,Port Alexandra,Wardville,636
197,Lake Natashaside,Lake Michaelborough,592
198,Tammyfort,South Erin,750
199,,Hillfort,724
200,East Amber,Roytown,477
201,Port Annaborough,West Ashley,851
202,West Amanda,North Jamieshire,280
203,Monicaton,Port Davidville,950
204,New Brandonmouth,Port Faith,573
205,Lake Brian,Robertchester,555
206,,New Donnaborough,184
207,North Jose,South Timothy,536
208,North Roberto,Lake Markstad,191
209,East Gregoryport,,404
210,Longville,South Daisytown,912
211,Brianport,New Victoria,
212,Pricebury,East Willietown,
213,New James,Matthewshire,813
214,South Ashleyfort,Victoriahaven,
215,Tracytown,Lake Dale,
216,,Buckport,785
217,Jenniferbury,,875
218,Port Nicholaston,Freemanborough,556
219,Adrianhaven,South Bryanshire,
220,North Vincent,,258
,Nicholasshire,New Allenfort,219
222,Lake Christianchester,North Rebeccaside,411
,New Penny,Davidfort,803
224,South Jennifer,Lake Christina,930
225,Richardberg,Lake Margaret,85
226,Johnsonview,New Keithstad,378
227,Brittanyville,North Shelbymouth,536
228,West Jacob,,941
229,Lake Elizabeth,Kaylafort,692
230,Jonesside,Lake Anitaborough,530
231,South Gregory,Lake Kristen,181
232,Buckborough,Randystad,667
233,Bethanyfurt,,221
234,West Stephanie,Garrettport,950
235,,Leachborough,136
236,Cordovaville,East Joechester,284
237,New Justin,Benjaminview,320
238,,Bushville,
239,Dillonstad,Brownland,825
240,North Troy,Joshuastad,544
241,Larryland,Williamsville,929
242,New Rachel,Salasstad,293
243,Hartmanhaven,Browntown,648
244,South Reneeton,Amyberg,739
245,Mitchellchester,North Breanna,147
,Port Oliviabury,Lake Charles,225
247,Garcialand,West Courtney,180
,Patriciaberg,,740
249,Averychester,Patelview,454
250,Jamesfurt,Gregorystad,765
251,,West Stephanie,896
252,New Janicemouth,South Victorshire,867
,Hallmouth,Hughesview,160
254,,New Davidtown,367
255,Devinton,,924
256,Wallerchester,East Sarabury,464
257,,Lake Jasminefurt,359
258,Downsville,Hollowayland,65
259,New Clinton,,599
260,Hernandezchester,Gardnertown,67
261,New Derrickside,Michaelborough,232
262,Lake Keith,Lake Josephfort,828
263,,New Cassandrafurt,
,Brownstad,Frankberg,
265,Lake Sheilaborough,New Lawrencemouth,451
266,Herringport,East Jerome,437
267,Michaelchester,Jacquelineshire,282
268,Ginafurt,Christineside,373
269,Allenburgh,Jefferymouth,599
270,Chambersville,Colemanview,198
,Gloverbury,Erinville,
272,Samanthahaven,New Richard,701
273,Bonniehaven,Kyletown,
274,Port Michaelville,New Loritown,252
275,New Stevenfurt,,
276,South Anthony,East Victorville,580
277,Port Victorland,New Aaronshire,204
278,Perkinsberg,Sarahville,404
279,West Linda,West Travis,987
280,East Patty,West Jacob,337
281,Danaton,Mercadomouth,559
282,West Megan,,586
283,,Hodgesfort,911
284,West Brooke,East Russell,534
285,Lake Matthewmouth,New Brendastad,705
,Lake Michaelmouth,Cordovamouth,424
287,South Billyberg,Brianton,282
288,Robertsfort,Marymouth,577
289,Aimeehaven,Karenfort,639
290,Hectorton,Nicolefort,82
291,,New Anthonyberg,
292,Timothyfurt,Sherrybury,
293,,Williamschester,305
294,,Thomasside,955
,Justinport,Knightmouth,767
296,Port Brittanytown,Singletonbury,462
,Port Donnaberg,Royborough,796
298,Janetstad,,670
299,North Timothyfort,West Jeff,92
300,,Simmonsville,126
301,South Davidberg,,609
,South Kathryn,North Michelle,771
303,,Shelbyhaven,669
,,,582
305,Mcconnellchester,Abigailbury,468
306,Priceberg,Staceyland,204
307,East Brian,Jamestown,161
,Joshuaside,Port Bernard,418
309,Port Laurenton,Francistown,482
310,North Christopher,Smithmouth,500
311,,Juliaview,705
312,South Jessica,North Robert,400
313,South Elizabethstad,New Kirstenberg,86
314,New Diana,,102
315,North Adamville,Katherinemouth,
,New Justinbury,Ericaland,668
317,North Dawn,Kennethhaven,527
318,Myersfurt,Jonathanside,531
319,Kathleenport,Karenmouth,568
320,Mitchellmouth,Horneland,668
,Hernandezberg,New Phillipport,505
322,Reyesstad,North Claire,239
323,Carterchester,Lake Matthewton,535
324,Stantonfort,Nelsonton,365
325,South Jeffrey,Port Valeriefurt,980
326,East Colleenburgh,Leonardchester,838
327,South Ashley,,
328,Lake Caitlinmouth,Roberthaven,583
329,Port Jennifer,Carlafurt,588
330,North Susan,Bellport,372
331,Frazierborough,East Nicoleland,79
332,,East Michael,400
333,Robersonmouth,Melissabury,637
334,Gardnerchester,Erinfort,210
335,,North Isaac,
336,West Raymondview,Taylorshire,469
,South Robertfort,New Tiffany,685
338,North Andrewton,Osbornehaven,
339,Mcintyrebury,Melissaton,390
340,Christopherchester,South Matthew,442
341,Port Kendra,Angelamouth,618
342,Brownborough,Lawrenceberg,62
343,Shelbybury,Myersmouth,720
344,Adamsville,Port Deborah,892
345,Rebeccamouth,West Chasetown,905
346,Port Kenneth,Cobbland,99
,,,
348,Jeremyshire,Melaniefort,331
349,Fordborough,West Lindseyville,883
350,North Michaelville,South Colin,934
351,West Shelbyside,Kyletown,
,New Emily,Brownstad,160
353,,Martinhaven,76
354,North James,,
,West Amybury,South Williambury,444
356,Angelatown,New Melissamouth,933
357,Melissaton,New Monicabury,165
,North James,,128
359,North Andrewview,Natashaland,195
360,Jenningsbury,Lake Colleenfort,111
,Stephensview,Brookeshire,
362,,Benjaminton,562
363,Elizabethtown,South Jason,484
364,Michelleland,South Kenneth,222
365,North Elizabethport,,
366,East Ryan,Smithland,903
367,Crystalhaven,Michellestad,999
368,Kathleenville,North Lisa,468
369,Campbellfort,Coryton,801
370,Georgefurt,Evansburgh,743
371,Martinbury,Nguyenside,72
372,Woodsburgh,New Derek,659
373,Crystalbury,,566
374,Colleenmouth,North Kelsey,239
375,Port Edwinton,Westville,888
376,Lake Marvinbury,Port Kyleside,638
377,Keithborough,Jorgemouth,
378,East Lisaville,North Jamesside,586
379,Teresaview,Cordovaville,328
380,Campostown,Port Aaron,720
381,Tylerstad,Careyville,774
382,Port Eric,West Elizabethmouth,86
383,Johnport,Rachelbury,
384,East David,West Cody,837
385,Millerland,Chanland,563
386,Allenmouth,Lake Brandonhaven,201
387,Davidchester,Jillianton,
388,Raychester,East Tylerton,867
389,Port Jasmineside,Lake David,335
390,Lake Kimberly,Jenniferside,983
391,,North Tammyborough,705
392,West Joeland,Michellefurt,86
393,North Leslieside,South Kimberly,877
394,Williamborough,,90
395,Williamton,Port Carol,994
396,West Scott,Port Ashley,
397,North Aliciastad,Williamsonberg,975
398,Craigmouth,Richardburgh,
399,Lake Doristown,East Wayne,224
400,Myersville,Lake Amy,733
401,,,415
,New Kimberly,,939
403,Derekmouth,Lake Markberg,480
404,Nelsonberg,Boonetown,535
405,Port Melissaville,East Megan,387
,Porterburgh,Kellerbury,
407,Hensleyport,New Andrew,799
408,Lake Mikayla,Nancytown,
409,Kaylafurt,Gabriellefurt,755
410,Lake Denise,,792
411,Irwinberg,North Josephshire,689
412,Williamshire,East Shawn,
413,Elizabethmouth,South James,281
414,,New Mariaview,152
,Grahamshire,Hopkinsbury,498
416,East Ashleymouth,North Deniseberg,693
417,North Patricia,East Saraside,
418,Davisberg,New Glenda,167
419,South Collinmouth,Kristinaton,474
420,North Frederickfurt,South Elizabethhaven,864
421,Lake Jeffrey,,826
422,,Austinview,589
423,,,300
424,Fullershire,,60
425,,Nguyenburgh,265
,East Ashleyview,Riverafort,704
427,East Faithmouth,Marychester,
428,Warrenfurt,Carlyberg,
429,South Debrachester,Lake Luisbury,736
430,Gregoryburgh,Brittanytown,524
431,Glennborough,Watkinschester,53
432,Crawfordport,East Andrew,289
433,North Maria,South Daniel,
434,,Port Matthewberg,622
435,Doyleton,Cartermouth,363
436,Jaredburgh,Port Danielmouth,397
437,South Eric,New Stevenberg,708
438,,Masonshire,792
439,Valerieborough,New Kaylee,834
440,South Theresatown,Zavalafurt,894
441,South Rachel,Brettton,214
442,Haasland,East Scottville,60
443,Fosterport,East Edwardview,924
444,,,839
445,Olsonport,South Daniel,166
446,North Andrew,New Crystal,833
447,East Adriantown,East Markburgh,855
,South Travis,Maryland,908
449,Port Randallport,,756
450,Port Justinview,Port Dianaland,531
451,,New Melissafurt,218
452,Port Hayley,North Alexanderbury,148
453,Timothyland,Lake Aprilmouth,213
454,Riveraview,Stewartmouth,767
455,Port Tinamouth,Ayalaview,249
456,,New Grant,951
457,Rayburgh,New Jorge,875
,South Peter,Donnastad,
459,Robertville,East Jonathanfurt,467
460,East Charles,Esparzaberg,320
,Lake Daniel,Port Nicholas,709
462,Kimview,Rodriguezfurt,429
463,Mayerport,Gregoryville,136
464,East Jessica,South Brooke,909
,,Coxville,
466,Monicachester,Bakerside,591
467,Port Dustinshire,Monicaberg,713
468,Jacksonview,Copelandshire,99
469,Christinaview,Reginaldfort,457
470,Kathleenberg,East Kendrafurt,800
471,Michaelville,,82
472,Walkerborough,Morganbury,866
473,Port Thomas,,288
474,East Nathanland,West Jonathan,632
475,Bradshawfurt,Anitatown,977
476,North Allisonport,New Robert,618
477,Laurenview,Lake Audreymouth,
478,Willisberg,Nguyenport,194
479,North Robin,Lake Laurentown,665
480,Hansenborough,Murphyville,662
481,Catherineside,Alanmouth,691
482,East Jeffrey,Jonathanburgh,472
483,South Bobby,West Monique,835
484,Karenborough,South Samantha,134
485,Anthonyview,Kevinburgh,477
486,Port Randy,West Williambury,755
487,Westbury,Lake Scott,557
488,,Nicholasstad,
489,West Cynthia,,658
490,Port Christinastad,North Gregory,186
491,North Mark,East Alexanderhaven,506
492,Johnport,Jamestown,441
493,Smithshire,Port Judystad,465
494,West Phillipfurt,Wadehaven,996
495,Ginabury,Thomasview,487
496,East Toddview,Port Davidfurt,923
497,Smithville,Mooneyburgh,
498,Brandystad,New Ronaldborough,
499,Justinview,Lake Mitchell,756
500,North Leah,South Blakeview,718
501,Frazierborough,South Jenniferburgh,
502,Sharonville,,919
503,Macdonaldmouth,Melissaberg,895
504,Martinezfort,Erictown,242
505,Davisland,Lake Jacob,280
506,Port Lee,Nicoleton,360
507,Lake Cassandramouth,South Johnmouth,956
508,,Lake Michele,473
509,Flemingville,,578
510,Hillport,Johnburgh,
511,Samanthahaven,Lake Hunterton,395
512,,North Lindsey,627
513,Brianbury,West Johnmouth,509
514,Castilloside,Kathrynchester,331
515,Coleside,South Jessica,713
516,Lake Juanbury,New Marychester,
517,Bradleyland,Marcusview,763
518,South Kayla,Jonathanside,794
519,Jimenezburgh,Port Cassidy,987
520,Joshuaview,Port Jessica,858
521,,Gonzalezbury,793
522,Smithshire,Port Michael,547
523,Rubioshire,New Amanda,575
524,Rileyview,,972
525,Daleport,Allisonbury,353
526,Grantfort,East Jonathanborough,478
527,New Peter,Michaelton,214
528,Nelsonside,Lake Christopherchester,840
529,South Bruce,North Jeremy,429
530,Burkefurt,East Stephaniefurt,705
,Mooreside,Lake Maryview,992
532,Grayport,Marieside,742
533,Reynoldsstad,Wesleyport,342
534,Sosachester,North Stephen,
535,East Nataliefort,New Pamelaberg,405
536,North Kristinside,Oliviafurt,563
537,Mcculloughberg,Lewisburgh,222
,Trevinochester,,936
,New Robinville,Francismouth,245
540,East Jeremy,Lake Allenville,
541,Jenniferville,North Joshua,169
542,South Bruce,Jonesside,140
543,West Michele,Jacobsberg,229
544,North Rachelshire,West Ericabury,930
,South Michelle,Alexanderville,867
546,West Tiffanyshire,,238
547,Juliemouth,Aguilarside,
,New Jason,Victoriaville,169
549,Williamburgh,East Jasontown,395
550,Sharonfort,Littlebury,812
551,West Dianachester,North Jason,325
552,East Monicaport,Hobbsborough,776
,,East Makayla,849
554,Lake Melissaville,Lake Brittany,494
555,Stephaniehaven,Teresaburgh,794
556,Christinechester,Poolefurt,
557,Fuenteshaven,East Jesushaven,890
558,North Ronaldtown,Port Lindsay,752
559,,Andersonfort,877
560,New Lauramouth,Mirandaport,
561,Lake Karen,Tanyaberg,352
562,Kennedyport,,833
563,Lindseyberg,West Ronald,222
564,New Christine,Port Andrew,305
565,Mercerhaven,Warnerland,263
566,West Christina,Scottborough,255
567,South Davidberg,,361
,,Port Kelly,514
569,Lake Angelton,,824
570,Port Bonnie,East Tracy,629
571,Jamesville,Michealberg,
572,New Michael,East Brandimouth,919
573,Ashleyton,Nicolehaven,620
574,Amandaberg,Wadeberg,334
575,New Debrafort,New Justin,789
576,New Katherinehaven,Johnsonfurt,453
577,Williamburgh,Amandamouth,
578,Lake Jeremytown,South Kathryn,877
579,Lake Lisa,South Douglas,941
580,Port Brianna,South Jacob,463
581,South Brandy,Jenniferside,188
582,North Jessefurt,West Robin,73
583,,North Taylor,925
584,Saraland,South Daniel,
585,Port Cindyburgh,Port Mary,506
586,New Angelachester,Wilkinsberg,619
587,Kelseymouth,South Matthew,793
,Danielshire,Steelehaven,313
589,,Juliashire,266
590,,Kathleenshire,88
591,Millerport,,432
592,East Kevinfurt,East Claudia,348
593,Newmanside,West Christopher,374
594,Connieside,Port Gloriaport,786
595,South Joshuafort,Armstronghaven,398
596,Howardville,Wellsburgh,
,Christophermouth,South Terri,297
598,,Hollyland,374
599,,East Dennis,648
600,Walkerside,Katherineland,343
601,Garciaport,Christianport,396
602,Aprilside,Lake Mark,
603,,Stanleyhaven,641
604,Susanbury,South Dianeville,123
605,Cabreraborough,,499
606,West Danielfort,,364
607,North Yvetteshire,Hardingport,920
608,East Victoriashire,Amyhaven,545
609,Richardsburgh,Foleyhaven,81
610,West Mikayla,Chanstad,144
611,Solisshire,Bobbyview,730
612,Caitlynside,Parsonsport,146
613,Robertahaven,New Ginahaven,
614,,Brownport,71
615,Chaseview,New Hollyburgh,
616,,North Krystalshire,55
617,South Kellyberg,West Steven,216
618,Brandonport,Shannonview,910
619,East Charleshaven,West Andrew,889
620,,Vanessaville,422
621,South Jacqueline,,113
622,Alyssaborough,Sheriberg,629
623,West Taylorland,Darleneview,460
624,East Sherristad,West Adamburgh,917
,Amyhaven,North Terriland,678
626,Shannonview,Andreamouth,474
627,Ryanshire,Port Mckenziefurt,835
628,Stewartberg,West Daniel,619
629,Cassandraberg,Normanville,999
630,Jerryview,South Anthony,308
631,Lake Alejandraport,Johnsonhaven,387
632,Stephensstad,Hayeston,
,Sullivanfurt,Birdton,626
,Sherrystad,Huffstad,637
635,Jeffreyport,Linview,515
636,Sandraburgh,Johnsonmouth,238
,West Melanieside,Brandyland,750
638,Port Shelby,,
639,Schultzberg,West William,624
640,North Laurastad,Tonyport,658
641,Christopherburgh,West Alicia,974
642,Lake Christinamouth,,386
643,Lopezfurt,East Cheryl,719
,East Brendaport,Lake Mariechester,855
645,East Maryburgh,North Anthony,502
646,East Joshuamouth,Nataliemouth,668
647,Andrewton,New Jennifer,745
648,Port Teresa,Daniellechester,278
649,,Anthonyview,133
650,West Joshua,Carrville,515
651,Jessicafurt,Rosarioside,214
652,Griffinland,New April,693
653,North Jefferyton,Kathleenmouth,800
654,South Savannah,North Noahshire,395
655,Gibbsport,Jameschester,619
656,Jamieton,South Bryan,832
657,Alyssaville,Danielland,449
,Jonathanside,Debrachester,928
659,New Heidiburgh,Heathertown,772
660,Timothyfurt,West Anthony,
661,Joneshaven,,98
662,Cookstad,Kerryton,496
663,Michaelborough,East Danielle,872
664,,South Julie,589
665,,,497
666,Taylorborough,Amandachester,589
667,Jenniferview,Cassandraton,870
668,Mercedesview,South Lisaburgh,131
669,Curtischester,East Johnborough,230
670,Kevinhaven,East Zachary,943
671,Port Nathanland,Stantonhaven,
672,Derekmouth,New Melissachester,674
673,North Lindsayshire,South Angelamouth,658
674,Silvashire,North Anthony,199
675,Ryanland,East Elizabeth,899
676,,East Ericton,351
677,West Tracyshire,New Sarahport,
678,Hunterview,New Michaelhaven,550
679,Donnatown,West Josephhaven,163
680,Courtneyburgh,Zoeside,963
681,Michelefort,New Elizabethbury,651
,Susanstad,Port Robertbury,370
683,Stephensontown,Johnstonfurt,884
684,,New Williamland,
685,Port Brandonberg,,
686,South Chelseyfurt,Lake Nancyfort,169
,South David,Port Heather,
688,Port Juanhaven,Williambury,
689,Gallegosshire,South Brendabury,655
690,Brownton,New Kimberlytown,564
691,Josephbury,West Roberto,
692,New Joshua,North Robertland,633
693,East Jessica,Port Derekton,978
694,Curtisville,Lake Marie,645
695,South David,West Christina,
696,,West Robert,934
697,Lake Jamieburgh,,
698,West Molly,New Roberttown,421
699,New Jennifer,Smithborough,
700,Lake Crystal,West Samantha,
701,,Josephland,625
702,Port Kurtstad,Sheliaside,357
703,North Williamport,Loweryside,196
704,,,551
,,New Scottton,355
706,Michaelfort,Fisherchester,
707,Johnsonborough,Moorestad,
708,Port Joseph,East Jeffreybury,860
709,Villanuevabury,Port Anthony,821
,,New Michelle,356
711,,Danashire,589
712,Hernandezberg,Jillchester,651
713,Williamshaven,West Leslie,305
714,Danielton,New Alvin,434
,Davidstad,,615
716,Russellstad,Brandonton,424
717,Chenchester,Pamelaview,897
718,Sierraburgh,Port Manuelstad,309
719,Port Bruce,New Kennethton,
720,East Kelly,Fischermouth,840
721,Stephanieport,Lake Pennyview,316
722,East Erin,Port William,657
723,Shawntown,Donnachester,496
724,Kyletown,,536
725,Cookhaven,East Christopher,723
726,Morganport,Brendachester,978
727,Sabrinatown,Lake William,298
,New Benjamintown,Lake Kenneth,486
729,New Brett,Port Haileyville,54
730,Lake Nathanville,New Erin,860
731,,East Melissa,287
732,East Nancy,West James,99
733,Port Melissaside,,588
,South Tiffany,,251
,West Reneeborough,Lake Adamborough,769
736,South Michael,Brianfort,685
737,Kennethstad,West Andrea,670
738,Lake Michael,Hodgeburgh,991
739,South Elizabeth,Sarahburgh,517
740,East Robert,Williamfort,69
741,Port Steven,Sarahhaven,500
742,West John,Smithchester,919
743,Trevorside,,694
744,North Dakota,Jasminebury,437
745,Port Christopher,New John,198
746,Bellfort,Fosterburgh,768
747,Evansshire,,593
748,,Rogershire,
749,,Port Miaview,483
750,,Meyerland,148
,Joneston,North Gabriellehaven,83
752,Danfort,,945
753,Daniellefort,Diazport,240
754,Vanceville,Edwardsstad,78
755,East Jerryburgh,Lake John,840
756,,East Manuelstad,582
757,Joshuabury,Nicolestad,898
,Davidville,Frankmouth,368
759,North David,,536
760,Ericbury,East Jesse,494
761,Port Deanna,Mathismouth,982
762,South Brandy,Johnfurt,850
763,,Whiteton,887
764,Lake Saraburgh,Bellchester,880
,West Tonya,Port Christopherborough,249
766,Ericastad,,308
767,North Michael,West Christopherton,246
768,,Stevensborough,772
769,Priceview,Port Tina,301
770,Sarahview,Andersonstad,309
771,Jodyberg,,485
772,East Erin,Shannonburgh,793
773,Tracyfort,,119
774,East Sarahport,Lake Russell,187
775,North Wendychester,Silvamouth,909
776,Vickiefort,Davidville,592
777,South Martha,Brandonfort,118
778,Smithmouth,Port Timothyview,547
779,Lake Monica,Port Nathaniel,
,Hendersonville,,297
781,South Kimberly,Lake Pamela,845
782,,Romeroton,457
783,,West Kevinfurt,602
784,New Matthewton,East Jameston,322
785,Port Maryview,West Richardborough,206
786,Charlesshire,Port Ashley,
,Brianafort,Jenningshaven,683
788,Josephfort,Shawnmouth,153
789,New Andrew,Powellmouth,430
790,Robertland,Lake Hannahfurt,261
791,Millsbury,Rhodesfort,345
792,Patriciastad,North Denise,848
793,,South Rachel,792
,West Robertburgh,Thompsonmouth,547
795,Jennifermouth,South Robert,532
796,Boyleview,Kingberg,675
797,West Anthonyberg,Williamside,469
798,Lake Shannon,Olsonfurt,120
,New Bryan,Rebeccafort,232
800,Mortontown,Lake Jill,811
801,Kimberlybury,North Wesley,409
802,East Carol,,664
803,West Lori,West Markburgh,400
804,Alvaradoview,West Thomas,284
805,South Kayla,,688
806,,Port Matthew,
807,North Victorburgh,East Michaelborough,990
808,West Amy,South Gabriel,458
809,Lake Markton,Patrickmouth,551
810,Chanland,South Stephanie,152
811,Erinborough,South Christian,139
,South Laurieville,Austinstad,262
,Hernandezstad,Sonyamouth,
814,West Christinaside,Port Derek,479
815,North Daniel,Katherineside,132
816,Lake Ritamouth,Juliechester,252
,East Kristina,Greeneburgh,53
818,,Arroyofurt,158
,Johnshire,Lake Lawrenceberg,132
,Elizabethton,Harrellchester,788
821,Heatherburgh,Johnsonbury,918
822,,East Anthonyfort,886
823,Warrenchester,Nathanberg,686
824,Torresfurt,Jonathanton,993
825,South Michael,Port Danielle,210
826,Danielborough,Rosarioburgh,773
,Rochaport,Port Denisechester,952
828,East Allisonfurt,Arnoldport,266
829,North Jonathanmouth,Jacobview,476
830,New Christopherfurt,Dixonmouth,388
831,,New Scottshire,260
832,South Sarah,South Markmouth,863
833,Crystalmouth,West Stephaniemouth,589
834,Weberstad,East Troy,433
835,Lopezside,Port Jordan,949
836,South Susan,Erinbury,347
837,Port Johnview,Pittmanport,759
838,South Matthewport,Kathleenberg,511
839,,South Deborah,458
,Jonestown,,93
,,North Sierra,694
842,North Jesseport,Amandastad,883
843,Ramosville,,
844,Cervantesfort,Carterville,806
,Port Sophialand,South Stevenland,819
846,Bensonport,Elizabethport,616
847,Waltersbury,Tonyhaven,655
848,Whiteheadshire,Lake Rebeccamouth,952
849,Ellisside,Perezville,114
850,West Angela,Abbottfurt,535
851,Davidsonburgh,,403
852,Christopherland,Lake Jamesborough,427
853,East Lynnbury,South Thomasside,806
854,Lake Jennifer,South William,466
855,Jerryfurt,South Kenneth,
856,Haroldshire,New Nicole,599
857,Baileyfort,New Markbury,194
858,West Jillchester,Mcbrideland,260
859,,Michaeltown,256
860,West Jeffrey,,406
861,Port Andre,South Traceybury,51
,Sarahchester,Thomasland,748
863,Port Julieburgh,West Nicholas,589
864,Gomezport,Reyeshaven,558
865,South Andreaville,Port Renee,909
866,,Scottton,893
867,,Lake Leeburgh,91
868,East Brendaborough,Glasstown,368
,Torresberg,Ramirezport,
870,East Sara,West Matthew,930
871,West Jason,Laraville,813
872,,Larsenchester,323
873,Port Courtney,Whiteland,815
874,Jacksonville,South Ryan,340
875,New Davidview,Lake Patriciaburgh,470
876,North Patriciaborough,Amandaport,438
877,Ruthchester,East Lisa,670
878,West Alexanderville,Snyderbury,725
,,Amyshire,751
880,Solisbury,Francoview,
881,,Lake Craig,894
,New Josephtown,South Dustintown,741
883,,New Ronald,564
,South Steve,East Anthonyfort,412
885,Petersenhaven,Jasonland,805
886,Davischester,Kingstad,254
887,Walkerchester,Jamesfort,634
888,Cookville,Port Zachary,791
889,Heatherview,Lake Briannamouth,410
890,,North Samantha,532
891,Joshuabury,North James,570
892,West Cynthia,Lake Patrick,904
893,New Kristin,North Gailchester,508
894,Brandonbury,Michaeltown,418
895,South Tammyland,Whiteland,163
,Port Lauren,,57
897,Melissaside,Latoyahaven,549
898,Rodriguezstad,Jenniferstad,762
899,Lake Danielle,Johnsonhaven,810
900,New Rogerton,North Jennifer,693
901,Lake Kristophershire,New Elizabeth,649
902,North Meganland,West Kevinview,324
,West Nathaniel,East Davidland,620
904,Port Margaretbury,New John,308
905,Lake Samanthaville,Richardville,667
906,New Charles,Rosetown,
907,,Brittanyborough,453
908,East Briana,,784
909,East Ricardo,East Michellemouth,328
910,Perrychester,Teresaport,683
911,Micheleland,Terrellview,303
912,Lake Kathryn,East Timothy,771
913,Autumnport,Rubenshire,118
914,East Michael,New Susanborough,936
915,,New Crystalfort,365
916,,South Thomaston,233
917,,Thomasstad,
,New Shelby,Haleyfurt,868
919,,,876
920,Wrightport,Rachelfurt,559
921,Wardview,,941
922,Lauraborough,,169
923,Crystalport,,471
924,Herrerashire,North Jonathanfurt,457
,Novakmouth,,716
926,South Ellen,New Nicholasside,463
927,Kristiebury,South Ericmouth,919
928,New Sharonmouth,Toddberg,
929,Richardchester,Richardsonland,129
930,Rogerberg,East Cody,978
931,,,271
932,East Kathryn,Moodymouth,
933,Lake Ashleymouth,Lake Rebeccaburgh,259
934,Josephborough,Damonland,793
935,Port Cynthia,Staceytown,504
936,Rogershire,Garytown,456
937,North Patriciachester,North Janetview,66
938,North Shane,Smithbury,898
939,Brownbury,Port Anthony,973
940,,,969
,Thomasside,Port Samanthastad,935
942,New Maria,Diazberg,564
943,Lake Nicoleton,Kathleenstad,374
944,Laurenhaven,,291
945,New Kathy,New Josephchester,304
946,Robertstad,Krauseborough,74
,West Samanthaburgh,Camposberg,822
948,Woodstad,Anthonyhaven,358
949,Johnsonbury,,882
950,Port Edward,Smithchester,108
951,,Sweeneymouth,789
952,Blanchardville,West Marvin,717
953,Ritashire,West Donna,396
954,Lake Crystal,Carrilloside,175
,East Robertberg,Richardburgh,815
956,West Paigehaven,South Darius,345
957,,,608
958,Port Markbury,Shawtown,512
959,East Ann,Hartberg,221
960,Walkerton,Jeffreyport,585
961,,Gilesburgh,74
962,Danielmouth,Hansonton,940
963,Kevinstad,Anneport,449
964,South Kimberly,Christopherborough,204
965,Reillyside,Turnershire,241
966,Port Linda,East Carlos,643
,New Donnamouth,South Amberchester,860
968,Lisachester,New Christopherstad,
969,Cameronland,Gilesfort,976
970,New Tyler,Lake Kaylaburgh,
971,,New Seth,885
,Sonyaton,North Joyce,137
973,New Scott,Lake Jenniferfurt,
974,Lake Calebfurt,Michaelmouth,974
975,Walshburgh,Rebeccastad,730
976,New Brianmouth,Coleside,210
977,Lake Christopher,,947
978,Nelsonbury,Port Lindaland,561
979,Martinezfurt,Brandonmouth,948
980,,,533
981,East Christopherland,Port Nancyside,966
982,South Sandraborough,Jacobstad,287
983,West Paul,Andrewfort,275
984,,East Joseport,460
985,Antoniobury,New Brittany,516
986,,North Andrew,904
987,South Randy,Lake Ronald,819
988,,New Donald,556
989,,South Kurt,353
990,South Shannonborough,Lawrencehaven,187
991,West Alexandriaview,Mitchellshire,748
992,New Nicoleville,Ralphside,621
993,South Kristinport,,964
994,,Jarvisland,193
995,Harrisview,Lake Ryan,804
996,Maryville,Lake Gary,146
,North Jamie,Carrieview,708
,Gonzalesview,Jamesfurt,811
999,Jamesburgh,North Dylan,717
1000,North Shannonville,Gillespieville,176
1001,Carolside,Ethanview,
1002,Sloanshire,,
1003,Tonyton,Joneschester,699
1004,Raymondmouth,Davenportland,746
,Annaburgh,East Philip,134
,Michaelborough,,412
1007,,,276
1008,Lake Patricia,New Adriennemouth,
1009,New James,North Pamela,110
1010,South Andrew,Lake Lauratown,280
1011,Davidhaven,Zamorachester,282
1012,West Shelia,Marissamouth,244
1013,South Clarencemouth,South Ruthside,771
1014,Isaacmouth,Mcleanshire,428
1015,Port Theresaport,,525
1016,Trujilloport,Port David,201
1017,Jessicafurt,Greenport,742
1018,Cookport,,123
1019,West Dana,Kempberg,988
1020,Port Janicetown,Port Frankfort,875
1021,Josetown,Murrayton,734
1022,West Daniel,Doughertymouth,295
1023,Lake Heather,North Gabrielaton,907
1024,North David,,446
1025,West Markmouth,Port Rachelton,
1026,South Jenniferville,New Loriberg,
1027,Knighthaven,New Tina,700
1028,Torreshaven,West Erinville,441
1029,Port Kellibury,Troyland,971
,Dianamouth,Jackborough,168
,East Richardborough,West Nicoleville,822
1032,New Adamburgh,Patriciashire,
1033,Jeffreychester,,724
1034,Lake Daniel,Cohenshire,909
1035,Hamiltonmouth,New John,828
1036,West Cynthiamouth,Mccoyburgh,256
,North Kirsten,Lake Duane,181
1038,West Todd,Kerryfort,714
1039,Kristinburgh,,
1040,Port Amandahaven,Daleton,543
1041,Kathystad,South Donnafort,812
1042,West Sherry,Sawyerside,622
1043,Port Mariebury,Owenton,333
1044,Fordshire,Elaineburgh,858
1045,East Matthewstad,Millsport,
1046,Natashafort,Mooremouth,988
1047,West Davidtown,Lake James,742
1048,Rebeccamouth,Lake Joshua,882
1049,Port Samuel,Lake Stephanie,203
1050,East Edwinfort,Lake Josephland,812
,East Davidton,East Ryan,502
1052,South Thomas,Obrienland,53
1053,Port Justin,Meganhaven,872
1054,Francismouth,Leeport,630
1055,Justinport,South Robertafort,796
,West Walter,North Cynthiaburgh,290
1057,Wallburgh,,363
1058,South Kevin,Thomasview,240
1059,,South Katie,101
,North Diana,South Aliciaview,998
1061,Wardshire,East Jesse,371
1062,Lake Carla,Rushstad,74
,Jonesbury,Jamesmouth,378
1064,Michelleview,North Jeffreyberg,
1065,Port Ronald,Lake Mistyburgh,788
1066,North David,Jimenezmouth,575
1067,Weststad,,
1068,North Julieberg,South Christie,814
,Mathewfurt,,120
1070,West Bethborough,Lake Wayne,527
1071,Morristown,Scottstad,628
1072,Tiffanyborough,Port James,936
1073,,,
1074,West Andrewhaven,,385
1075,South Melissaberg,South Kimberlyborough,68
1076,Christopherfurt,Turnerburgh,817
1077,Taylorstad,,119
1078,South Patricia,West James,
1079,Kyleville,,910
1080,Pierceville,North Morgan,445
1081,East Angela,Salasmouth,183
1082,Mcclainland,East Elijahside,978
1083,West Robert,South Andrew,763
1084,Jonesmouth,Rebeccaland,119
1085,Durhamburgh,Jessebury,406
,East Cynthia,Thompsonville,734
1087,Huangchester,Michelletown,610
,Lake Terrimouth,South Lisa,
1089,Flynnbury,South James,305
1090,Hornburgh,Amandaburgh,584
1091,Sandovalside,Adamshaven,298
1092,Calhounchester,Port Andrewfort,234
1093,Jackfort,Margaretside,
1094,New Claudia,West Steven,646
1095,Amychester,New Kimberlyport,68
1096,Bernardborough,Theresamouth,369
1097,North Nancy,Sethburgh,801
1098,Williamschester,New Toddchester,246
,Cantrellshire,Lambertburgh,
1100,Port Timothy,Fryhaven,272
1101,Nelsonville,Wendyville,316
1102,New Jenniferberg,,
1103,Timothyberg,Lake Derek,644
1104,New Debra,Gregoryfort,432
1105,Lynnmouth,Shawntown,336
,Lake Briannachester,Franklinshire,575
1107,Lorraineland,Johnsonchester,279
1108,Michaelstad,Port Kelly,856
1109,North Aaron,Flowersburgh,470
1110,West Kimberly,Jenniferburgh,104
1111,West Ashley,New Patrickport,865
1112,,Port Brendaview,190
1113,Lake Penny,Williamsland,
1114,South Brandon,,
1115,Walkerview,Port Daisy,508
,Lake Dianashire,Barnesville,52
1117,South Jennifer,East Sandra,593
,Freemanmouth,,154
1119,Port Heather,Lake Brenda,358
1120,Jonesfort,Jasonborough,591
1121,Rodriguezbury,,
1122,Yangchester,North Emily,516
1123,Howardfort,Kristinfurt,588
1124,South Kathleen,South Spencerville,623
1125,Amyberg,Holmesmouth,775
1126,East Joshuabury,Briantown,
1127,North Karen,South Michaelport,326
1128,,New Sarahmouth,711
1129,Whitestad,North Jamesport,264
1130,Kellyshire,Port Jennifer,956
1131,Walterton,Lake Michellemouth,735
,Kellyside,Mccormickberg,996
1133,Jenniferside,Morganport,873
,New Michelle,New Teresaside,634
1135,,New Robert,261
1136,,,
1137,Kyleport,South Michaelfort,706
1138,Dianeview,Pricechester,891
1139,Jennatown,Reidstad,466
,West Johnport,Lake Dennisfurt,709
1141,Sandrashire,Port Michellemouth,906
1142,Brianaton,South Austinbury,167
1143,New Elizabeth,,563
1144,South Rachelburgh,South Amber,273
1145,West Craigstad,Stephanieland,262
1146,Thompsonport,Mannstad,
1147,Guybury,Fullerfurt,913
,Jayfurt,,747
1149,Chaneychester,Lake Tammy,429
,Atkinston,East Alyssa,864
1151,Port Ricardo,New Laurenview,592
,South Randallberg,Cooperfort,
1153,Brownburgh,Josephberg,833
1154,Colonville,,733
1155,Davidmouth,Mauriceside,125
1156,Port Lori,Lake Veronica,933
1157,Clementsmouth,,
1158,Dawnberg,New Dianeport,143
,East Lisaport,East Christopher,125
1160,Millershire,South Jenniferberg,934
1161,Thomasmouth,North Tara,473
1162,Angelicaberg,Joshuatown,652
1163,Port Heidi,Torresfort,613
1164,Hannahfurt,Heatherbury,522
1165,East Brian,East Alexander,631
1166,Sylviamouth,Taylormouth,
1167,East Steve,Port Rebecca,379
1168,Wandahaven,Espinozashire,528
1169,East Alexanderview,Lopezmouth,129
1170,Richmondmouth,New Rhondaville,346
1171,South Kathy,,
,Migueltown,Nunezville,614
,East Amyberg,Port Brookefurt,
1174,Port Dennis,Jessicaberg,159
1175,New Gregoryview,Port Maria,156
1176,Davidview,,546
,Robertmouth,,854
1178,Carolineland,Kevinfurt,641
1179,,Williamstad,935
,New Bonnieside,New Ryan,775
1181,Leonview,Thomasside,943
,,Patrickchester,773
1183,East Brookestad,Graybury,166
1184,East Michael,Myersstad,234
1185,North Joyce,New Jeremymouth,702
1186,South Justin,South Pamela,692
1187,Lake Jennifer,Johnmouth,777
1188,Kevinville,Lake Lorimouth,781
1189,East Crystalside,Kristenburgh,528
1190,Lake Miranda,Leemouth,59
1191,East Veronica,Melissaton,491
1192,Port Carrie,West Elizabeth,933
1193,Port Andrea,Port Tammie,823
1194,Lake Kristin,Jameshaven,645
1195,Port Ericbury,Port Jeffrey,530
1196,Linmouth,,991
1197,Danielleborough,Paigemouth,643
,East Juan,Coffeyville,502
1199,Calebland,Javierton,302
,,Dunnberg,169
1201,Joshuaville,,560
1202,,East Kellyville,497
1203,New Staceyhaven,Nicolefort,168
1204,Johnsontown,East Donna,181
1205,East Robert,Vasquezville,
1206,Kristieshire,Port Jeremyfort,348
1207,North Kristen,Joycefort,753
1208,Owensland,Clarkville,768
1209,Maryport,Owensborough,994
1210,Isaacside,West Kaitlyn,120
1211,Jasminemouth,Lesliefort,866
1212,West Markport,New Jay,
1213,Cameronfort,West Jameschester,332
1214,New Daniel,Lake Shane,235
,,North Julia,531
1216,New Margaretside,,
1217,New Kyle,Karlaborough,439
1218,Mcclureton,South Ericaberg,202
,North Allen,East Connie,402
1220,Derekburgh,Sierrabury,249
1221,Jenniferview,Port Jillian,149
,North Brian,North Albert,857
1223,South David,Jonesmouth,644
1224,Kellyhaven,Lake Jasminefort,752
1225,East Hunterland,,877
1226,South Crystalmouth,Gregorytown,906
1227,Brittanybury,East Elizabeth,639
1228,Jamieview,,570
1229,North Tammie,Donnaburgh,547
1230,Jamesmouth,New Andreaport,242
1231,New Terrimouth,Andrewmouth,197
1232,,Hancockberg,
1233,East Davidborough,South Miranda,661
1234,South Renee,South Elizabeth,620
1235,Lukeville,,668
1236,Valeriemouth,Bettyview,322
1237,West Donald,Ashleymouth,512
1238,North Jacob,Laurenview,385
1239,South Warren,Nealmouth,664
1240,Port Markbury,Garciamouth,872
1241,North Kathleen,Jerrystad,
1242,,Melaniebury,344
1243,Lake Antoniomouth,North Jamesview,399
1244,Lake Andrea,Lake Lanceborough,107
1245,Rochamouth,Stevenborough,895
,South Sarah,South Daisymouth,343
1247,Williamsville,East Mikayla,767
1248,Elizabethhaven,Marcport,826
1249,Johnchester,,592
1250,Derekshire,Josephfurt,661
1251,Stevenstad,Jonesview,865
1252,West Courtneymouth,,994
1253,South Melissa,North David,958
1254,,New Aaron,528
1255,Port Joseph,Lake William,542
1256,Carpenterport,,
1257,Lake Ryanfurt,Jacquelinefurt,611
1258,Harrisborough,Danielberg,682
1259,South Howard,Lake Jerry,241
1260,Holmesfurt,North Isabella,992
,,,929
1262,Keithport,New Stevenberg,62
1263,Hannahberg,Woodsmouth,
1264,Johntown,Lake Jonathon,209
1265,Brownmouth,Lesliefort,502
1266,,Calvinchester,750
1267,Port Davidborough,South Brittany,233
1268,Jacquelineborough,Kaufmanstad,339
1269,New Ronald,North Michaelshire,582
,,East Jacquelineborough,163
1271,Brandtstad,Ritastad,495
1272,Port Josephside,Christinetown,511
1273,Jamieport,New Anthony,
1274,Mendezland,Howardside,995
1275,East Zacharyshire,Garciatown,128
1276,Brianshire,,435
1277,,Victoriaview,745
1278,Lake Andrewton,East Derekfort,
1279,West Katrinashire,South Amberhaven,656
1280,New Jonberg,Katherinehaven,151
1281,West Dianastad,Joeville,391
1282,East Steven,Port Anthony,682
1283,Michellemouth,West Melindaborough,643
1284,Woodsside,New Melissa,688
1285,South Kristen,East Samanthaville,852
1286,North Rodney,New Michaeltown,693
,Bradleybury,Jenniferburgh,875
1288,,North Mallorystad,798
1289,North Valerieburgh,New Karen,243
1290,Port Richardborough,South James,908
1291,Kellibury,Nelsonport,263
1292,Lake Jessicaside,New Christyfurt,835
1293,New Daniel,Malonemouth,682
1294,Willietown,Mckeeport,609
1295,Lake Katelyn,North Kimberly,885
1296,Williamsberg,Nicholehaven,992
1297,Elizabethfort,Angelaland,
,South Garyfurt,Johnburgh,262
1299,East Peterstad,,448
1300,,South Michaelhaven,252
,North Maria,Holtshire,325
1302,West Jonathan,New Andrew,141
1303,Lake Sarafort,Matthewport,316
1304,Macdonaldfurt,,319
1305,East Richard,New Jamesberg,943
1306,East Patricia,Port Crystalton,
1307,North Hannah,New Dalton,872
1308,North Bryanville,East John,469
1309,Bakerton,Williamstown,952
1310,Bennettburgh,Lucerofort,754
1311,South Ginaborough,Port Melissabury,552
1312,Osborneview,Joshuahaven,156
1313,,New Emilyfort,646
1314,Lake Sonialand,,696
1315,South Robertland,,556
1316,,Jesseland,426
1317,North Jenniferville,Denisefort,897
1318,Port Brendamouth,Port Brittanyside,
1319,Sierraborough,South Mariaville,341
,West Christopherport,Estradamouth,920
1321,Port Joelmouth,East Michael,139
1322,Bergview,Laurenside,192
1323,New Donnachester,Lake James,818
1324,New Kimberly,New Jennifer,350
,,Kaylamouth,970
1326,Beltranview,Melissahaven,532
1327,,Arroyotown,545
,West Ianburgh,Mosesburgh,782
1329,Johnland,Hartbury,713
1330,Williamsstad,Mooneyview,116
,Ramosfort,Bairdburgh,328
1332,Port Danielport,Carterville,52
1333,Hurleyberg,Ryanview,873
1334,Cookland,Lake Scottside,460
1335,Lake Jessica,Port Dianechester,559
,Scottshire,Donaldfurt,98
,Terryberg,New Joshuafurt,693
1338,Browntown,,610
1339,North Amy,Keithburgh,66
1340,,Edwardsstad,391
1341,,Jamesland,108
1342,Nicholasburgh,Emmashire,563
1343,Kelleyshire,,307
1344,Robinsonberg,Port Juliaton,143
1345,Adamburgh,Justintown,972
1346,South Deborahberg,Lake Ashley,559
1347,Port Kevinstad,Robertfort,775
1348,Natalieside,Spencermouth,562
1349,West Samanthaview,East Patricia,236
1350,Gouldtown,Kimberlyburgh,290
1351,,,411
1352,,Port Deanmouth,812
1353,Lake Valerie,South Cynthiashire,672
1354,Duncanhaven,New Robin,
,South Larry,South Phillip,
1356,Saundersstad,Stonetown,168
1357,Carrilloside,,779
1358,,Thompsonview,940
1359,Moralesborough,South Justinmouth,964
,,Kimberlymouth,
1361,Lake Ianborough,,
1362,East Christianberg,East Meghan,607
1363,Cummingshaven,North Ryanchester,125
1364,,Annestad,425
1365,West Bethburgh,West Jameston,796
1366,Hodgeland,,728
1367,Rodrigueztown,West Anthonybury,471
1368,Lake Markberg,Boonehaven,281
1369,Montesville,Bryanville,216
1370,Joshuaview,Erictown,529
1371,New Heatherview,Morrisview,663
1372,East Williamport,,705
1373,New Bradleyville,,
,East Meganview,,818
1375,East Brianna,Holmesmouth,606
1376,East Robert,,865
1377,Smithfort,East Nicholasbury,252
,Port Dennismouth,Berryfurt,646
1379,Lake Emilyborough,Kathyfort,882
1380,North Susan,East Taylor,205
1381,,Port Gregory,351
1382,East Nancyfurt,Port Kellimouth,977
1383,Marktown,Port Jenniferside,902
1384,Gabrielleburgh,North Maria,450
1385,Parkerborough,Anthonyport,470
1386,New Micheleland,North Monica,510
1387,Hamiltonside,Howardshire,715
1388,West Jason,East Nicholas,861
1389,,Brettberg,999
1390,Ramosville,Rogerschester,797
1391,Peterton,Madelineburgh,883
1392,,West Stephen,866
1393,Danielburgh,South Taylorfort,112
1394,,Littlestad,968
,Lisaton,Reedborough,615
,,Cunninghamfurt,
1397,Wilcoxfurt,North Nicolemouth,97
1398,East Lindashire,Brookston,501
1399,South Joan,North Elizabeth,57
1400,Sherriton,Danielsbury,986
1401,East Erikastad,Port Rachelburgh,817
,Cookville,South Robert,629
1403,East Allison,North Barbaraland,
1404,Alexanderland,Isabellaport,126
,North Diana,Susanstad,177
1406,South Joshuaborough,Harristown,146
1407,South Katie,New Mark,809
1408,Smithberg,Port Kelseybury,812
1409,Williamsmouth,,520
1410,New Christopher,Davidmouth,55
1411,Daviesstad,Port Rebeccaside,
1412,Bellshire,Evansbury,938
1413,Lake Aaron,,
1414,Ralphville,South Christopherfort,515
1415,,Shieldsside,999
1416,North Katherinefort,Lake James,901
1417,Brownstad,,457
1418,,Karenside,
1419,South Aaron,Jacquelineborough,496
1420,Lake Connor,Campbellshire,768
1421,Meganburgh,Port Jon,314
1422,Yeseniahaven,Johnnyfurt,633
1423,Morrisshire,Robertland,548
1424,Johnsonchester,South Tammyfort,682
1425,Lewisshire,Wallport,419
1426,North Theresa,Lewiston,990
1427,East Richard,,274
1428,South Brandonfort,North Jessica,725
1429,Doyleberg,West Carol,823
1430,Powersmouth,South Christinaview,619
1431,East Renee,Kristinshire,126
1432,Port Jennaport,North Antonio,887
1433,Sherrifort,Brentstad,721
,Crystalport,,550
1435,Port Alisonview,Herreramouth,950
1436,West Jessicafurt,Joshuaville,714
1437,Mckayfort,Wuside,55
,Sandraside,Johnsonside,438
1439,New Michaeltown,Mahoneyton,861
1440,,Rodriguezmouth,
,East Alexandrastad,Lake Samanthabury,749
1442,Johnsonview,South Heather,292
1443,New Claudia,South Kaylaland,349
1444,Coxfurt,Mariaport,926
1445,Annaside,East Todd,301
1446,,South Joel,914
1447,Darrenport,Harrisborough,734
1448,South Andrew,North James,653
1449,Danaburgh,Lake Dustin,530
1450,Amandaberg,Port Wendymouth,717
1451,Pamelaborough,Hollandtown,302
1452,Katietown,Christinaton,96
1453,,Ginaport,972
1454,Smithville,East Ryanmouth,82
1455,Andersonbury,Hamiltonport,132
1456,Hallport,Wongmouth,856
,Andrewland,Brandimouth,245
1458,Melissaville,Gutierrezmouth,496
,Lake Lindafort,,
1460,East Ronald,Port Maxwell,151
1461,New Elizabethtown,West Davidton,711
1462,West Tonyafurt,Lake Diana,
,New Juanside,Port Harryburgh,78
1464,Littlemouth,Dannyton,429
,,Wilsonmouth,231
1466,Devinborough,Andrewstad,454
1467,Cohentown,West Matthewtown,489
1468,,Chelseaberg,810
1469,Myersshire,East Rose,546
1470,North Melvin,South Craig,782
1471,North Shawnstad,Carolinestad,880
1472,,Matthewmouth,161
1473,South Kathrynview,Johnton,120
1474,Lake Levi,Myersmouth,697
1475,South Teresabury,Lake Jeffreyton,331
1476,Michaelview,Michaelfort,645
1477,East Nathanview,Taylorfurt,812
1478,,Lake Nicholasville,894
1479,Lake Janet,Randyfort,611
1480,Arthurfort,,866
1481,North Jamietown,Stephenfort,752
1482,Martinezbury,New Robert,996
1483,Jacksonchester,Elizabethside,978
1484,East Dorothyfurt,Cassidyshire,
1485,West Garyville,Ericksonmouth,
1486,Garciafurt,Hudsonmouth,
1487,Parrishbury,Monicashire,869
1488,,Port Thomas,81
1489,,South Allison,
1490,Port Ericaview,Amyberg,940
1491,Candaceland,Cookburgh,841
1492,Lewisburgh,Lake Lindseystad,223
1493,Martintown,Evanfort,618
1494,Jeffreyborough,,
,Farmerland,Sergioside,208
1496,Port Scottland,Warrenstad,603
1497,,,144
1498,Benjaminstad,North Dawn,646
1499,,Josephmouth,179
1500,South Samanthamouth,North Brendaberg,798
1501,Richardfurt,Johnsonchester,667
1502,Natalieborough,Lake Sharonton,746
1503,Garrettstad,Sheilaport,150
1504,Jessicamouth,East Chadland,519
1505,West Sydney,South Parker,50
1506,Carlsonmouth,East Christineville,873
1507,,Port Heather,507
1508,Fisherview,West Kaitlyntown,405
1509,Stuartburgh,New Sherry,451
,Lake Anthony,New Andrew,996
1511,Kimberlyfurt,South Edward,669
1512,New Heatherton,South Kristinville,
1513,South James,Davisville,
1514,Mendezbury,Port Sharonfort,58
1515,Antoniochester,Jimborough,564
1516,South Dawnshire,Webbburgh,840
1517,Kennedychester,Williamhaven,
1518,Warrenfort,New Kathleenborough,423
,East Natalieport,New Christopherfort,491
1520,New Charlestown,Bradleymouth,656
1521,Johnsonstad,South Justin,645
1522,Kathleenport,,
1523,West Christopher,West Joshuafort,333
1524,Tuckerchester,North Patrick,78
1525,North Drew,Lake Davidview,603
1526,South Daniel,Deanbury,101
1527,Crawfordbury,Brandonland,777
1528,Port James,East David,176
1529,Donaldmouth,Teresaview,913
1530,South David,Lake Joshua,220
1531,,Hectorfort,796
1532,Vazquezton,Port Mollyview,987
1533,Aaronview,Kevinton,610
1534,Davidville,,649
1535,Herringfort,East Michele,756
1536,Ortizville,,607
1537,,,610
1538,Allenberg,Port Craig,935
1539,Olsonmouth,West Anthonyport,376
1540,New Amanda,New Daniel,134
1541,Johnsonfurt,Lisaburgh,514
,East Elizabethhaven,,349
1543,Carterton,Garciaton,751
1544,East Andrew,Mccormickchester,545
1545,Josephview,South Darren,597
1546,East Aliciachester,Sharonville,789
1547,,West Ronald,594
,Hamptonport,Christophermouth,721
1549,Deniseville,New Anthony,633
1550,Kevinmouth,South Ginachester,891
,Port Coryville,East Maryton,109
1552,Allenberg,Schmidtbury,118
1553,Jasonbury,South Maryborough,887
1554,Eddieshire,New Christianborough,464
1555,Walkerland,Gomezland,581
1556,Lake Curtisville,Sanchezborough,354
1557,Tylerchester,Matthewchester,476
1558,Rochafurt,Royview,286
1559,,East Christopherland,
,Lake Gabriellebury,New Susan,616
1561,Georgemouth,Bryantview,711
1562,Benjaminville,New Stephanie,897
1563,Dixonfort,North Cheyennemouth,984
1564,Staceychester,New Courtneyland,743
1565,,Diazmouth,289
1566,Lake Stefanie,Jenniferchester,363
1567,Port Robertside,Ericksonville,615
1568,Port Tracy,North Annette,268
1569,Scottfurt,Kathleenview,75
1570,Gallegosfort,East James,453
,West Nicole,Wagnerville,264
1572,North Kevin,Franciscomouth,
1573,Spencerstad,Johnhaven,328
1574,Brucehaven,Ortizfurt,836
1575,Jamesfort,Karenburgh,
1576,Paulton,North Jasonmouth,
1577,,Adamsborough,442
1578,South Tylerchester,Luisland,470
1579,Michellehaven,Darlenemouth,122
1580,New Raymondhaven,Alvaradochester,222
1581,East Dustin,Jacksonstad,
1582,Stevenville,Walterton,793
1583,Port Wayne,Lake Hannahside,254
1584,New Sandybury,East Alexandriaberg,
1585,,Russellview,283
1586,Ritaland,Carpenterland,748
1587,Jasonport,Port Timothyside,355
1588,,Wandabury,416
1589,Lake Stacey,Port David,344
1590,Ericaland,Marissafort,287
,Christianview,Julianfort,497
1592,Judithburgh,Lake Mary,83
1593,Port Christineland,Jacquelinemouth,52
1594,Bobbystad,Lake Jeremiah,641
1595,Williamsfurt,Amystad,328
1596,South Michael,Ramosshire,372
1597,,Kevinton,207
1598,,,94
1599,Christophermouth,Lisashire,296
1600,East Margaret,Lake Sarah,666
1601,Harrisville,Edwardsbury,997
1602,Port Stevenbury,Yvonneton,121
1603,West Mary,South John,936
1604,Ashleymouth,,346
1605,Frostland,Jenniferfurt,488
1606,Castrohaven,Riosville,
1607,Davistown,Dianefort,606
,Port Tinaberg,North Rebecca,229
1609,Sandrafurt,Kellyhaven,809
,West Jeremy,Davisfort,
1611,Lake Jonburgh,Lake Melissa,905
1612,South Kimberlytown,,887
1613,,,918
1614,Phillipsstad,Marcton,299
1615,Johnton,New Jennifer,827
1616,New Ashleymouth,New Williamview,425
1617,Hernandeztown,,896
1618,Smithhaven,Ramosside,222
1619,,Scotthaven,619
1620,Thomasview,West Paul,642
1621,Rojasland,North Heather,
1622,Jacobburgh,Lake Timothy,202
1623,Gordonside,Marcusfort,160
1624,Singletontown,Ashleyborough,59
1625,Ellisport,Keithtown,148
,Carolineburgh,,310
1627,North Joshuamouth,Chambersport,
1628,Nunezchester,New Cynthiaview,858
1629,North Marissa,Grossfurt,851
1630,Paulborough,Lake Eric,829
1631,Smithbury,Davidport,
1632,West Karaport,,653
1633,Schroederberg,Kevinport,814
1634,Brownton,Lake Juanburgh,843
1635,Port Richard,Caseytown,
1636,Brianborough,,569
,New Matthew,East James,326
1638,Brianshire,Port Aaron,916
1639,New Robertfurt,Lake Lisaland,
,North Maria,New Stevenburgh,157
1641,Thompsonborough,New Julieton,
,Lake Jaime,Zacharymouth,379
1643,Wilsonview,Hickmantown,243
1644,West Jasontown,East David,585
1645,Breannaburgh,Simsville,568
1646,Lake Garyberg,,176
1647,Port Jesse,Garciaburgh,65
1648,New Louis,Williamsland,975
,North Philipton,Simmonsborough,852
1650,South Shaneland,Kevintown,486
1651,South William,Robertville,199
1652,Jarvisberg,Russellchester,92
1653,Dorseychester,Bryanview,156
1654,Allenhaven,Scottburgh,994
1655,South Miachester,,129
1656,Kevinberg,New Sarahfort,669
1657,Lake Grantshire,Wareton,653
1658,Chelseychester,Millsmouth,710
1659,Marisaport,South Saraburgh,
1660,Lake Richardton,Claychester,755
1661,Serranobury,West Andre,619
1662,,Larabury,612
1663,Alicetown,,311
1664,West Kimview,,380
1665,Hernandezton,East Martinfurt,277
1666,Randallberg,Fitzgeraldtown,840
1667,Kimberlyberg,,171
1668,,New Patriciafort,66
1669,West Christophershire,West Donna,503
1670,,Kaylaville,
,,West Miguelfort,154
1672,,Rothmouth,755
1673,Watsontown,Coffeyberg,519
1674,Callahanfurt,Travisstad,70
1675,South Erinfort,Tonyville,570
1676,Taylortown,Williamsbury,
1677,East Sarahaven,Andersonton,
1678,East Annette,Christyhaven,358
1679,North Anthonyville,Alexanderberg,685
1680,Stevenbury,West Brookechester,674
1681,Ramseyhaven,Sheltonshire,452
1682,Tabithaburgh,West Andrewside,582
1683,,Copelandmouth,686
1684,Christopherborough,Rebeccafurt,183
1685,Port Victoriaburgh,South Mary,455
1686,Petersside,New Samanthaport,701
1687,East Alyssa,Taylorfurt,119
1688,Hollybury,South Aliciatown,574
1689,Lake Carlbury,Robyntown,255
1690,Foxport,,
,Hamiltonview,Payneberg,631
1692,,South Sierra,188
,East Debbie,Martinview,239
1694,Port Donnaport,,457
1695,Lake Michaelborough,Brownburgh,329
1696,Port Barbarashire,Kennethshire,120
1697,Danielsshire,Chadborough,400
1698,North Staceymouth,North Georgehaven,172
1699,West Kellyborough,West Kiara,295
1700,West Rita,South Corey,809
1701,Port Susan,South April,
1702,Lake Jeremy,Timothyfurt,633
1703,Justinfurt,Walkerton,972
1704,South Robertport,Anthonychester,144
1705,Lisaland,Johnshire,495
,Port Anthonyport,Lake Andrewtown,871
1707,Grahamtown,Coxfort,500
1708,Richardsonfort,South Kimberly,
1709,Sparksview,Soniachester,940
,South Jeremy,Danahaven,760
1711,Leblancview,Mcgeefurt,
1712,Kimside,South Barbara,148
1713,Davismouth,East Christinemouth,828
,Garyport,Port Samanthaton,537
1715,Coreyfort,New Julie,838
1716,West Stacey,Lake Sandyburgh,148
1717,East Tracy,North Tammy,410
,Harrisburgh,Port Shannon,642
1719,Kimberlychester,Port Mary,
1720,East Maurice,West Andrewmouth,263
1721,Greeneborough,Jefferymouth,
,East Danielburgh,New Christine,585
1723,South Bonnieberg,South Brian,935
1724,Lake Michael,North Mikayla,550
1725,East Michelle,West Cassandra,666
1726,Owenschester,Marquezmouth,624
1727,Lake Tracyberg,New Jamie,462
1728,Laurietown,Lake Katiehaven,
1729,New Sandra,Robertsonbury,329
1730,,Williamland,449
1731,East Robertton,Dicksonmouth,225
1732,West Mckenzie,West Jessicatown,140
1733,Matthewsburgh,Rickhaven,889
1734,West Anthonymouth,East Jacobhaven,884
1735,North Susan,Ramosshire,697
1736,New Marktown,Lake Douglas,745
1737,East Nancyville,Amyview,74
1738,South Christina,Port Rachel,654
1739,Port Brendatown,Williamsmouth,927
1740,Port Carmen,New Charles,797
1741,Brandonview,Peckchester,665
1742,Vegamouth,Port Dawnshire,151
1743,North Tracy,Racheltown,151
1744,,East Dana,198
1745,,Olsonstad,427
1746,Milesborough,,666
1747,Basshaven,Williamsville,591
1748,Karlaborough,East Marie,66
1749,South Debraberg,Micheleview,302
,West Derekville,Port Jasmine,
1751,Kellytown,Lake James,910
1752,South Sergio,Jenniferberg,
1753,Jeffreytown,Darrenshire,940
1754,,North Davidtown,377
1755,Brandyside,,254
1756,Williamsmouth,South Jose,309
1757,,South John,468
1758,Morrisbury,Onealville,234
1759,New Peterborough,Port Thomasborough,679
1760,New Pamelatown,New Mary,
1761,,,
1762,Lake Christinaview,South Rogerstad,473
1763,Loriburgh,Kelseyburgh,597
1764,Lake Amy,Lake Matthew,313
1765,North Samantha,,649
,Scottville,New Thomas,922
1767,,Schwartzstad,351
1768,Jeanettestad,Melodyside,
1769,North Danielmouth,,362
1770,,,195
1771,Port Joshuamouth,Barbermouth,336
1772,Port Joseph,Kelliberg,797
1773,New Gerald,Timothyfurt,296
1774,Espinozaton,,851
1775,Anthonyburgh,Ramosshire,833
,East Blake,Thomasberg,84
,New Nicholashaven,North Susanport,878
1778,Port Thomasburgh,Gonzalezville,456
1779,Theresachester,Lake Ericaborough,
1780,West Amymouth,,134
1781,Port Tina,South Jamesstad,
1782,,Port Emilyville,291
1783,,Pagechester,
1784,North Leah,Port Sarahberg,159
1785,Meredithview,Susanfurt,232
1786,Paulville,East Thomasberg,624
1787,New Patricia,Georgeville,613
1788,Josephburgh,South Natalie,486
1789,Lake Jenniferview,Shepardshire,708
1790,Howardfurt,South Hollybury,
1791,East Eric,Stevenville,443
1792,Davidburgh,North Jennifer,403
1793,Andersonstad,Pricechester,692
1794,Prestonhaven,,991
1795,Lake Valerie,New Christopherfort,809
1796,Shawborough,North Kimberly,658
,Darrellborough,Michaelbury,
,,,491
1799,Allenberg,Bethland,280
1800,Andersonchester,Maxview,102
1801,Garciaburgh,New Brandichester,
,Johnsonmouth,Susanside,624
1803,Port Danielfort,,64
1804,Ericaview,Allenport,695
,,West Justin,764
1806,Pearsonton,East Dorothy,995
1807,Lake Samuelport,Lake Juliabury,973
1808,North Mikayla,Lake William,626
1809,Andreastad,Ashleychester,565
1810,Lake Joseph,Mirandamouth,
1811,East Johnstad,South Darlenebury,
,Perezview,South Melissa,806
1813,South Ryanmouth,North Kendraville,991
1814,Aimeestad,,761
,Kevinview,Stanleyton,
1816,Davidbury,Brianland,641
1817,Port Janetmouth,Wilsonfurt,802
,Herrerabury,South Randy,175
1819,East Jennifershire,Rosstown,750
1820,Port Connie,,336
1821,Port Kurtborough,Sherrystad,66
1822,,North Samuel,60
1823,Smithton,West Amanda,193
1824,New Drewton,Seanmouth,995
1825,Garciamouth,Longborough,826
1826,Jayport,Wallerbury,935
1827,Coxstad,East Calvinfort,672
,Lake Adrian,Edwardberg,474
1829,,,626
1830,Careyville,Rojasburgh,957
1831,Johnview,East Aimee,257
1832,Port Daniel,Port Jessica,313
1833,Lake Annemouth,Christopherville,61
1834,Baldwinton,Brownshire,733
,Jeremyberg,North Juliastad,906
1836,West Cody,Mayborough,770
1837,Bellmouth,South Alicia,
1838,Nicoleport,Juliefort,
1839,Gonzalezfort,Richardton,761
1840,Angelfort,New Joseburgh,561
1841,North Jenniferbury,South Timothy,603
1842,North Erinshire,Shaneville,699
1843,,Sherryton,745
,Port Rachelfurt,New Dawn,682
1845,Bergbury,Hernandezshire,774
1846,North Tammieport,Port Bruce,85
1847,Cynthiaberg,North Jacob,793
1848,East Stacey,New Theresa,
1849,East James,Karenborough,687
1850,Port Allison,Christopherville,596
1851,Colemantown,Carolborough,774
,Kelliborough,Weissside,411
,Courtneyville,Port Brianfort,972
1854,Kathrynton,New Danielmouth,872
1855,Johnsonport,Ingramview,
1856,Lake Chloehaven,Richview,565
1857,West Bryanmouth,Luisside,
1858,Lake Debra,Port Judith,780
,,Skinnerhaven,100
1860,,New Sarahstad,431
1861,Collinsville,Port Danielchester,473
1862,Carlsonville,Malloryville,951
1863,Barajaschester,East Lindsey,509
1864,North Devinland,Reevesport,100
,Doughertyside,East Annfurt,600
1866,Shelleyview,South Michaelbury,745
1867,Nicholasfort,West Donald,376
1868,,Parkerberg,901
1869,Lake Elizabeth,Timothymouth,
1870,,Port Emilyview,
1871,New Nicholas,Laurenmouth,134
1872,New Lynn,Huangbury,216
1873,East Kevin,,493
,Stevensmouth,West Sarah,302
1875,Meganville,Guzmanmouth,199
1876,Robertsonview,Jasontown,
1877,Nelsonfurt,Joelstad,590
1878,,Hallbury,742
,West David,South Ryan,272
,Peterville,Adamview,181
1881,Lake Jennifer,New Jenniferside,808
1882,North Cynthialand,Barrettstad,921
1883,Rhodeshaven,Wallsport,
1884,Marcoshire,,521
1885,Floresburgh,Andrewsberg,514
1886,East John,Thomasland,309
1887,East Brandon,Jacobsshire,899
,Williamsland,East Karenchester,561
1889,Michaelfurt,Thomasport,739
1890,East Melissastad,West Shannonmouth,222
1891,Lake Kaylaville,Lake Kayla,
1892,Port Kelly,Elaineburgh,124
1893,Lake George,Roberttown,605
1894,,Scottport,940
1895,Barkerland,Salashaven,351
1896,West Justin,Lake Dale,877
1897,,South Allisonburgh,959
1898,,Davidberg,
1899,Brandonland,West Sara,920
1900,East Peterborough,South Haydenfurt,192
1901,North William,North Bobbyview,650
1902,,North Megan,667
1903,West Josephshire,,594
1904,South Derek,Luistown,965
1905,South David,East Seanport,83
1906,Jerrytown,Danielhaven,280
1907,Ashleymouth,Evansmouth,104
1908,Moralesville,Candaceside,237
,East Melindaville,Hendersonhaven,205
1910,,New Leslieview,126
1911,,Amandachester,620
1912,Lake Julianbury,Huntstad,372
1913,South Lorimouth,Olsenburgh,412
1914,,Mooreland,451
1915,Port Josemouth,Burnschester,569
1916,West Larry,,776
1917,Port Colleenhaven,Michellefurt,657
1918,South Deborahport,Joshuafurt,244
1919,,Younghaven,988
1920,Port Tony,Kingberg,651
1921,Sarahville,,546
1922,New Bradley,Cynthiaside,750
1923,Port Kelsey,Danielmouth,269
1924,Langberg,,751
1925,Johnfurt,Joneshaven,354
1926,New Scottborough,West Christopher,983
,East Jessica,West Deanna,544
1928,,,427
1929,North Joditon,East Bradberg,193
1930,North Allen,,80
1931,New William,Reynoldsshire,121
1932,Baileyland,Barbarafort,
1933,North Joshua,Dustinside,683
1934,North Nicole,Mitchellshire,923
1935,Christopherfort,West Christinaville,838
1936,Scottfort,North Deborah,790
1937,West Marie,East Megan,162
,Arnoldshire,Butlerchester,701
1939,West Richard,Port Jonathan,
1940,,North Williamborough,526
1941,Emilyton,Michaelfort,649
1942,Anthonychester,Morenofort,725
1943,Johnsonchester,Erikaside,501
1944,South Edwin,,252
1945,New Crystal,,563
1946,Franciscoberg,South Megan,708
1947,Lake Kevinberg,,601
,Jacobburgh,North Jennifer,817
1949,Jonathanside,South Sandraburgh,
,Mariaberg,,650
1951,East Kathyside,South Daniellefort,753
,Port Stephaniemouth,East Paul,948
1953,Port Kelseyville,,751
1954,Laurenberg,Port Nancytown,545
1955,West Alexandramouth,West Amberbury,965
,South Matthew,East Robertside,374
1957,West Thomas,New Beverlytown,312
1958,North Anthony,New Michael,963
1959,West Susan,Chrischester,692
1960,North Dennisfurt,Johnsonstad,653
1961,North Jeffrey,East Allisonburgh,593
1962,New Robin,New Mary,894
1963,Johnsonfort,East Rebecca,303
1964,,,941
,Smithside,,526
1966,Priscillaside,Cooperstad,
1967,Knappbury,Jeffreyville,567
1968,,Josephtown,467
1969,Barnesshire,Ericastad,469
1970,Gordonland,Patriciahaven,227
1971,Smithborough,Port Robertburgh,729
,West Michaeltown,North Paul,858
1973,New Jessicamouth,Samanthaview,655
1974,Rachelhaven,Barnesport,911
,,East Melissa,595
1976,Kevinmouth,Port Connie,853
1977,New James,Jamestown,597
1978,South Michael,,
1979,,Ianbury,628
1980,Karinashire,,485
1981,South Gabriella,,51
1982,Karenchester,Durhamfurt,
,Johnhaven,,488
1984,Brooksville,,702
,North Michelle,New Jessicashire,970
1986,Lake Ricardo,Port Christopherbury,341
1987,East Kevin,Gonzalezstad,164
1988,,,
1989,Carrillohaven,New Michael,
1990,Daleside,North Charlesmouth,537
1991,South Brianland,Alanhaven,
1992,South Anthonychester,Maciasside,270
1993,,Port Michaelton,816
1994,Bishopchester,Robertview,85
1995,New Lisachester,Burtontown,405
1996,Allentown,,272
1997,South Rickymouth,West Maryside,422
1998,Norriston,East Karenville,745
1999,Lopezmouth,Christopherburgh,90
2000,,,843
